id,first_name,last_name,email,gender,ip_address
1,Matias,Jacqueminet,mjacqueminet0@wikia.com,Male,188.0.156.6
2,Bealle,Cornbill,bcornbill1@tmall.com,Male,11.35.70.15
3,Israel,Edgington,iedgington2@ft.com,Male,134.210.113.151
4,Bowie,Hafner,bhafner3@ftc.gov,Male,171.66.222.153
5,Quinlan,Mulqueeny,qmulqueeny4@lulu.com,Male,85.180.97.200
6,Felike,Lamburn,flamburn5@berkeley.edu,Male,108.106.8.140
7,Pancho,Russon,prusson6@stumbleupon.com,Male,127.112.247.147
8,Carson,Bitterton,cbitterton7@livejournal.com,Male,177.120.166.248
9,Westleigh,Broscombe,wbroscombe8@themeforest.net,Male,166.227.130.217
10,Ibrahim,Blazynski,iblazynski9@jugem.jp,Male,113.232.43.10
11,Carita,Joseph,cjosepha@sciencedirect.com,Female,160.175.86.39
12,Carita,Spiers,cspiersb@icio.us,Female,39.232.30.104
13,Farley,Scrogges,fscroggesc@seesaa.net,Male,111.210.197.18
14,Genevieve,Renehan,grenehand@slideshare.net,Female,107.190.46.1
15,Kathy,Heckney,kheckneye@networkadvertising.org,Female,8.130.193.8
16,Karola,Etherton,kethertonf@miitbeian.gov.cn,Female,246.29.144.10
17,Yard,Conlon,yconlong@ustream.tv,Male,176.198.130.138
18,Brittany,Bertolaccini,bbertolaccinih@fastcompany.com,Female,152.209.11.40
19,Auberon,Wyllis,awyllisi@xinhuanet.com,Male,148.142.113.166
20,Neel,Jakubski,njakubskij@webnode.com,Male,144.48.248.167
21,Olenolin,Alfonsetti,oalfonsettik@qq.com,Male,241.238.231.171
22,Cathyleen,Goulston,cgoulstonl@auda.org.au,Female,223.238.148.92
23,Hazel,Burkert,hburkertm@jimdo.com,Female,204.32.113.137
24,Ethe,Abramovic,eabramovicn@usda.gov,Male,187.59.82.178
25,Jo,Cullon,jcullono@army.mil,Bigender,67.1.105.145
26,Derry,Dik,ddikp@fema.gov,Genderfluid,181.204.224.164
27,Harland,Willers,hwillersq@vinaora.com,Male,0.29.151.96
28,Kiley,Benjefield,kbenjefieldr@boston.com,Genderfluid,140.202.217.229
29,Gawen,Handasyde,ghandasydes@homestead.com,Male,47.51.178.195
30,Dael,Pesak,dpesakt@reuters.com,Female,119.253.239.80
31,Romain,Aves,ravesu@liveinternet.ru,Male,94.225.105.224
32,Ruby,Reglar,rreglarv@marriott.com,Male,66.221.34.26
33,Jody,Huton,jhutonw@mtv.com,Female,44.95.46.199
34,Valaria,Rubinov,vrubinovx@google.com.br,Female,14.210.88.97
35,Gaven,O'Collopy,gocollopyy@rambler.ru,Male,20.20.48.184
36,Annabal,Isitt,aisittz@addthis.com,Female,243.148.140.217
37,Larry,Corderoy,lcorderoy10@vinaora.com,Male,93.96.195.41
38,Giavani,Cordy,gcordy11@bbb.org,Male,251.99.177.135
39,Sheelagh,Frodsam,sfrodsam12@japanpost.jp,Female,148.100.47.116
40,Innis,Cordeau,icordeau13@blogs.com,Male,167.33.234.105
41,Ahmed,Runham,arunham14@myspace.com,Male,94.32.136.120
42,Kathleen,Dargavel,kdargavel15@chron.com,Female,65.92.135.3
43,Korella,Fermor,kfermor16@dedecms.com,Female,198.99.43.91
44,Ivar,Chessil,ichessil17@marketwatch.com,Male,139.200.57.214
45,Caldwell,Reisen,creisen18@census.gov,Male,27.216.186.90
46,Hunfredo,Timms,htimms19@wsj.com,Male,71.153.221.81
47,Elena,Willshire,ewillshire1a@nifty.com,Female,150.233.26.98
48,Dusty,De Cruze,ddecruze1b@wisc.edu,Female,245.9.235.245
49,Rayna,Ibel,ribel1c@sun.com,Female,145.68.230.211
50,Robinia,Warsop,rwarsop1d@cloudflare.com,Female,106.117.245.33
51,Kordula,Hollyman,khollyman1e@usa.gov,Female,246.214.251.2
52,Allistir,Ellingsworth,aellingsworth1f@histats.com,Bigender,4.255.113.162
53,Sonni,Toone,stoone1g@springer.com,Female,111.94.48.42
54,Nedi,Walewski,nwalewski1h@list-manage.com,Female,215.251.194.98
55,Allyn,Desport,adesport1i@opensource.org,Male,101.10.84.40
56,Edyth,Gaggen,egaggen1j@myspace.com,Female,3.66.42.228
57,Julianne,Minigo,jminigo1k@xinhuanet.com,Female,184.22.217.95
58,Daryl,Le Barr,dlebarr1l@nyu.edu,Male,11.245.52.151
59,Eliza,Jeffress,ejeffress1m@seesaa.net,Female,254.215.26.149
60,Nat,Hyne,nhyne1n@unc.edu,Male,171.142.118.51
61,Kerry,Bruhnsen,kbruhnsen1o@reuters.com,Male,120.213.222.114
62,Duane,Walthew,dwalthew1p@purevolume.com,Agender,225.188.215.162
63,Sioux,Lotherington,slotherington1q@surveymonkey.com,Female,136.206.15.172
64,Pavia,Rittmeyer,prittmeyer1r@illinois.edu,Female,143.244.36.57
65,Neila,Beenham,nbeenham1s@wiley.com,Female,85.143.125.212
66,Bobinette,Deaton,bdeaton1t@joomla.org,Female,163.162.21.230
67,Cathie,Maldin,cmaldin1u@slideshare.net,Female,131.174.255.54
68,Kingsley,Ballantine,kballantine1v@pinterest.com,Male,186.178.111.76
69,Nessi,Tarn,ntarn1w@hhs.gov,Female,35.124.103.184
70,Margaux,De Dantesie,mdedantesie1x@delicious.com,Female,222.246.98.87
71,Nickola,Stevenson,nstevenson1y@webnode.com,Male,1.13.88.137
72,Orly,Smetoun,osmetoun1z@weebly.com,Female,18.141.128.162
73,Obie,Packman,opackman20@behance.net,Male,137.7.169.201
74,Darline,Eke,deke21@google.fr,Female,91.131.150.23
75,Elfreda,McCart,emccart22@google.de,Agender,224.226.110.150
76,Svend,Binge,sbinge23@examiner.com,Male,131.18.190.52
77,Karilynn,Bolton,kbolton24@angelfire.com,Polygender,74.97.215.30
78,Alexina,Stancliffe,astancliffe25@pinterest.com,Female,157.158.144.35
79,Sandie,Gooddie,sgooddie26@dailymotion.com,Female,177.98.68.230
80,Gabrila,Parkhouse,gparkhouse27@people.com.cn,Female,114.197.203.168
81,May,Brittan,mbrittan28@wordpress.com,Female,231.90.144.228
82,Ashil,Pickhaver,apickhaver29@opensource.org,Female,71.112.171.218
83,Cirillo,Sodeau,csodeau2a@washington.edu,Male,83.61.173.38
84,Nannie,Warlow,nwarlow2b@people.com.cn,Female,72.202.96.227
85,Devan,Brawson,dbrawson2c@admin.ch,Female,52.107.164.109
86,Lee,Clineck,lclineck2d@list-manage.com,Female,16.207.167.29
87,Wilfred,Fice,wfice2e@timesonline.co.uk,Male,197.158.43.154
88,Neely,Jacobowicz,njacobowicz2f@patch.com,Female,203.183.138.8
89,Cassie,Kinman,ckinman2g@adobe.com,Female,254.70.184.126
90,Marnia,Burbage,mburbage2h@whitehouse.gov,Non-binary,55.254.30.167
91,Cassy,Kearns,ckearns2i@digg.com,Female,159.106.161.59
92,Franchot,Badby,fbadby2j@alibaba.com,Male,2.132.231.255
93,Sax,Itzhak,sitzhak2k@yelp.com,Bigender,121.175.73.232
94,Jillene,Joselson,jjoselson2l@altervista.org,Female,111.249.74.74
95,Munmro,Hammell,mhammell2m@imageshack.us,Male,91.60.33.240
96,Dougie,Standage,dstandage2n@yolasite.com,Male,224.191.65.250
97,Lothario,Giffard,lgiffard2o@dedecms.com,Male,199.243.146.53
98,La verne,Mantram,lmantram2p@mit.edu,Female,254.68.123.35
99,Jennilee,Picknett,jpicknett2q@oracle.com,Female,233.9.106.54
100,Paolo,Barhams,pbarhams2r@php.net,Male,214.49.60.51
101,Marty,Cowlam,mcowlam2s@apple.com,Female,28.119.30.149
102,Rand,Sinnott,rsinnott2t@whitehouse.gov,Male,151.51.143.5
103,Elliott,Jewson,ejewson2u@hugedomains.com,Male,33.174.54.37
104,Adore,Trobe,atrobe2v@vistaprint.com,Female,249.165.160.199
105,Angil,Brettelle,abrettelle2w@huffingtonpost.com,Female,14.48.235.159
106,Hewet,Dakhno,hdakhno2x@berkeley.edu,Male,114.136.106.200
107,Conney,Garci,cgarci2y@feedburner.com,Male,128.87.162.240
108,Angus,Budget,abudget2z@bandcamp.com,Male,188.168.54.178
109,Lacee,Lomen,llomen30@skyrock.com,Female,0.236.178.106
110,Bronnie,Stockport,bstockport31@accuweather.com,Male,246.209.184.189
111,Karol,Kelloway,kkelloway32@homestead.com,Female,196.179.6.48
112,Gasparo,Norwood,gnorwood33@wikipedia.org,Male,187.162.186.135
113,Garth,Timmens,gtimmens34@alexa.com,Male,94.47.43.132
114,Tuckie,Paddon,tpaddon35@hugedomains.com,Male,78.183.184.1
115,King,Feast,kfeast36@cmu.edu,Male,89.142.171.41
116,Eduardo,Lowndsborough,elowndsborough37@cisco.com,Male,234.135.138.33
117,Kippie,Nestor,knestor38@mapy.cz,Female,118.83.156.134
118,Clayson,Furnival,cfurnival39@goo.gl,Male,8.24.128.246
119,Padgett,Neeve,pneeve3a@ucsd.edu,Male,82.4.156.242
120,Rodina,Stables,rstables3b@netvibes.com,Female,229.151.148.191
121,Biddie,Bergstrand,bbergstrand3c@spotify.com,Female,218.115.183.126
122,Cameron,Lyddon,clyddon3d@dot.gov,Male,90.129.128.173
123,Dominga,Scirman,dscirman3e@disqus.com,Female,46.36.116.230
124,Laural,Dudden,ldudden3f@list-manage.com,Female,47.58.84.99
125,Germain,Raddenbury,graddenbury3g@techcrunch.com,Male,30.188.223.109
126,Fanechka,Tamburi,ftamburi3h@sphinn.com,Polygender,243.156.25.32
127,Evangeline,Whoolehan,ewhoolehan3i@facebook.com,Female,147.160.224.91
128,Arlena,Weepers,aweepers3j@slideshare.net,Female,245.85.1.78
129,Sawyer,Fenwick,sfenwick3k@yahoo.co.jp,Male,207.5.238.253
130,Auberta,Bygate,abygate3l@gmpg.org,Female,33.4.198.128
131,Dedra,Sneath,dsneath3m@dell.com,Female,168.190.64.170
132,Charlot,Chasier,cchasier3n@yahoo.com,Female,155.184.224.160
133,Fredrika,Stanmer,fstanmer3o@dailymail.co.uk,Female,135.155.218.206
134,Ellissa,Greiswood,egreiswood3p@yahoo.co.jp,Female,165.50.162.120
135,Karia,Geroldini,kgeroldini3q@cocolog-nifty.com,Female,72.5.156.227
136,Dacey,Frohock,dfrohock3r@cloudflare.com,Female,131.58.43.224
137,Glynn,Muslim,gmuslim3s@miibeian.gov.cn,Polygender,53.239.81.132
138,Nikki,Johananoff,njohananoff3t@opensource.org,Male,187.150.140.100
139,Robby,Hovy,rhovy3u@bravesites.com,Male,15.5.78.21
140,Greta,Bertolaccini,gbertolaccini3v@mashable.com,Female,100.247.119.128
141,Adolpho,Baswall,abaswall3w@army.mil,Male,62.21.41.79
142,Gustaf,Treharne,gtreharne3x@xrea.com,Male,199.239.63.48
143,Piggy,Fernez,pfernez3y@unesco.org,Male,11.75.42.66
144,Ophelie,Dyers,odyers3z@tamu.edu,Bigender,20.132.162.245
145,Bailie,Challoner,bchalloner40@hexun.com,Male,231.83.204.27
146,Sherman,Byles,sbyles41@multiply.com,Male,197.216.181.124
147,Elmer,Hattrick,ehattrick42@sun.com,Male,252.156.8.201
148,Mariele,De Cruze,mdecruze43@cbslocal.com,Female,109.75.82.149
149,Phylys,Denisevich,pdenisevich44@imageshack.us,Female,148.112.65.103
150,Corty,Pennini,cpennini45@usda.gov,Male,155.130.148.22
151,Elana,Grindrod,egrindrod46@ning.com,Bigender,198.116.168.44
152,Daryl,Bowld,dbowld47@engadget.com,Male,69.43.37.61
153,Gabe,Leamon,gleamon48@zdnet.com,Male,3.219.193.238
154,Franky,Meran,fmeran49@msn.com,Female,133.177.103.113
155,Carly,Braysher,cbraysher4a@cam.ac.uk,Male,112.51.167.180
156,Alberik,Wigg,awigg4b@google.fr,Male,211.107.57.88
157,Craggy,Mordie,cmordie4c@w3.org,Male,254.112.134.190
158,Manfred,MacAiline,mmacailine4d@hibu.com,Male,64.8.74.75
159,Mac,Deverock,mdeverock4e@google.com.br,Male,5.26.49.197
160,Ernest,Tildesley,etildesley4f@geocities.jp,Agender,36.234.22.144
161,Opaline,Benduhn,obenduhn4g@google.de,Female,240.193.244.242
162,Giraldo,Whicher,gwhicher4h@miibeian.gov.cn,Male,137.63.241.245
163,Schuyler,Adamsky,sadamsky4i@1und1.de,Male,22.52.160.224
164,Bobbee,Ocklin,bocklin4j@tiny.cc,Female,214.56.66.69
165,Nicoline,Werrit,nwerrit4k@printfriendly.com,Female,115.164.89.60
166,Eldridge,Sandells,esandells4l@home.pl,Male,108.128.32.187
167,Gill,Worham,gworham4m@dell.com,Female,33.79.124.223
168,Mose,de Keep,mdekeep4n@dedecms.com,Male,118.51.136.144
169,Conny,Horstead,chorstead4o@mapquest.com,Female,143.59.62.86
170,Sayers,Petronis,spetronis4p@nhs.uk,Male,189.187.139.51
171,Kendricks,Martinolli,kmartinolli4q@forbes.com,Male,170.22.115.148
172,Elga,Clissold,eclissold4r@senate.gov,Genderfluid,238.154.20.24
173,Lamont,Scarlon,lscarlon4s@mac.com,Male,88.94.83.135
174,Elianora,Veness,eveness4t@oakley.com,Female,76.131.238.81
175,Harriette,Mitcheson,hmitcheson4u@zdnet.com,Bigender,139.104.13.235
176,Thorn,Iscowitz,tiscowitz4v@privacy.gov.au,Male,103.91.29.185
177,Anallise,Rubenchik,arubenchik4w@bloglovin.com,Female,254.95.43.106
178,Berkie,Waszczykowski,bwaszczykowski4x@netscape.com,Male,47.169.45.254
179,Alister,Sauven,asauven4y@tinyurl.com,Male,117.179.75.69
180,Dominica,Radden,dradden4z@accuweather.com,Female,165.18.233.17
181,Ross,Brockley,rbrockley50@yellowpages.com,Male,127.24.55.51
182,Kelby,Hulles,khulles51@ted.com,Male,224.173.77.175
183,Jaimie,Klyner,jklyner52@twitpic.com,Male,170.52.241.175
184,Karita,Driussi,kdriussi53@vinaora.com,Non-binary,8.126.128.52
185,Daniela,Popple,dpopple54@devhub.com,Female,52.95.107.45
186,Farlee,Tomsett,ftomsett55@wufoo.com,Male,233.86.9.103
187,Astrix,Boerderman,aboerderman56@istockphoto.com,Female,47.1.74.250
188,Darya,Paridge,dparidge57@umich.edu,Female,48.94.24.144
189,Trixy,Feldhammer,tfeldhammer58@delicious.com,Female,182.174.211.237
190,Birgit,Postle,bpostle59@canalblog.com,Female,27.116.98.254
191,Alvinia,Dunkerly,adunkerly5a@joomla.org,Genderqueer,85.233.36.91
192,Skip,Sweetsur,ssweetsur5b@google.de,Male,158.110.137.11
193,Reidar,Kirkbright,rkirkbright5c@51.la,Male,2.135.233.46
194,Reginald,Jorck,rjorck5d@symantec.com,Male,47.84.151.139
195,Cecelia,Rangell,crangell5e@shinystat.com,Female,17.111.172.196
196,Oran,Voisey,ovoisey5f@chicagotribune.com,Male,247.89.58.148
197,Curran,Rosin,crosin5g@shareasale.com,Male,125.210.109.73
198,Aldin,Rawdall,arawdall5h@blogs.com,Male,155.69.58.91
199,Cecil,Bradly,cbradly5i@tripadvisor.com,Bigender,127.188.87.147
200,Udale,Barnewall,ubarnewall5j@unblog.fr,Male,138.161.137.154
201,Ianthe,Maylour,imaylour5k@ca.gov,Female,29.76.15.2
202,Odette,Fawlkes,ofawlkes5l@usnews.com,Female,62.78.106.2
203,Anton,Davidovsky,adavidovsky5m@smh.com.au,Male,1.159.4.245
204,Cad,Bockin,cbockin5n@washington.edu,Male,216.38.32.40
205,Cheston,Hatfield,chatfield5o@reuters.com,Male,103.168.77.102
206,Carey,Keyzman,ckeyzman5p@sakura.ne.jp,Male,155.0.6.46
207,Bax,Clynmans,bclynmans5q@businesswire.com,Male,206.183.219.157
208,Stace,Suthworth,ssuthworth5r@oaic.gov.au,Female,113.29.102.194
209,Jerad,Jowling,jjowling5s@hibu.com,Male,208.100.189.75
210,Adrea,Smallthwaite,asmallthwaite5t@yandex.ru,Female,178.14.13.41
211,Nona,Kiddell,nkiddell5u@dyndns.org,Genderqueer,146.204.117.93
212,Marten,Swinley,mswinley5v@naver.com,Male,236.64.44.147
213,Barbara-anne,Itscowics,bitscowics5w@aboutads.info,Female,57.11.165.122
214,Farleigh,Brogden,fbrogden5x@shop-pro.jp,Male,121.92.198.131
215,Constancy,Jindra,cjindra5y@google.pl,Female,182.214.215.3
216,Dougy,Allsopp,dallsopp5z@123-reg.co.uk,Male,24.196.80.208
217,Angel,Emsley,aemsley60@163.com,Bigender,67.129.222.254
218,Decca,Kealy,dkealy61@umn.edu,Male,141.114.235.3
219,Bryn,Arundell,barundell62@weather.com,Male,51.191.105.107
220,Thatch,Guntrip,tguntrip63@cocolog-nifty.com,Male,140.162.234.110
221,Juanita,Attiwill,jattiwill64@forbes.com,Female,185.169.103.146
222,Elysee,Bollans,ebollans65@wufoo.com,Female,170.238.169.109
223,Wilek,Stidson,wstidson66@blogger.com,Male,44.162.142.119
224,Tomlin,Lonie,tlonie67@boston.com,Male,142.40.88.180
225,Quillan,Prinnett,qprinnett68@goo.ne.jp,Bigender,59.106.193.247
226,Emory,Shayler,eshayler69@soundcloud.com,Male,150.71.234.150
227,Kory,Tapping,ktapping6a@wix.com,Male,32.232.228.232
228,Giulio,Steketee,gsteketee6b@icio.us,Male,22.206.167.255
229,Ward,Dearnaley,wdearnaley6c@ox.ac.uk,Male,17.135.165.114
230,Brandice,Shoutt,bshoutt6d@sitemeter.com,Female,83.114.121.205
231,Rog,Bickerstaffe,rbickerstaffe6e@globo.com,Bigender,80.176.10.172
232,Starr,Wilsdon,swilsdon6f@wp.com,Non-binary,161.17.244.133
233,Fredia,Yurtsev,fyurtsev6g@netscape.com,Female,185.159.201.41
234,Briano,Winders,bwinders6h@redcross.org,Male,189.232.7.239
235,Tristan,Wohlers,twohlers6i@issuu.com,Male,254.153.107.41
236,Leda,Lutman,llutman6j@weather.com,Female,129.144.146.162
237,Pinchas,Wilfling,pwilfling6k@tiny.cc,Male,216.152.188.243
238,Rochelle,Farahar,rfarahar6l@cnn.com,Female,102.138.70.195
239,Ellie,Christescu,echristescu6m@instagram.com,Female,41.47.102.91
240,Klement,Cannicott,kcannicott6n@sourceforge.net,Male,213.42.41.162
241,Lyndsie,Amesbury,lamesbury6o@moonfruit.com,Female,54.84.241.171
242,Raff,Marioneau,rmarioneau6p@boston.com,Male,21.220.21.57
243,Odie,Vanyushkin,ovanyushkin6q@time.com,Male,53.88.107.145
244,Harris,Hollingby,hhollingby6r@aol.com,Male,183.19.52.224
245,Mendel,Millam,mmillam6s@ocn.ne.jp,Male,5.209.202.1
246,Normand,Kach,nkach6t@artisteer.com,Male,231.245.23.246
247,Randell,Barhims,rbarhims6u@sohu.com,Male,19.245.250.45
248,Rosalind,Lincey,rlincey6v@samsung.com,Female,104.142.177.140
249,Damara,Harold,dharold6w@chicagotribune.com,Female,39.95.152.84
250,Bruis,Ibbitson,bibbitson6x@ustream.tv,Male,124.124.51.169
251,Archibold,Tunnow,atunnow6y@about.me,Male,82.93.196.89
252,Bailey,Soares,bsoares6z@slashdot.org,Male,113.31.183.67
253,Sammy,Jestico,sjestico70@vimeo.com,Male,70.49.8.78
254,Vernen,Worsom,vworsom71@topsy.com,Male,243.145.60.94
255,Sidonia,Jeeks,sjeeks72@scientificamerican.com,Female,3.190.147.56
256,Freddy,Martignoni,fmartignoni73@yahoo.co.jp,Female,95.243.254.142
257,Clint,Fillan,cfillan74@so-net.ne.jp,Male,0.112.112.133
258,Gill,Rolles,grolles75@miibeian.gov.cn,Male,130.127.221.136
259,Nils,Brosio,nbrosio76@yelp.com,Male,69.252.101.204
260,Clywd,Westfalen,cwestfalen77@indiegogo.com,Male,222.229.93.131
261,Dolorita,Suero,dsuero78@4shared.com,Female,172.152.149.20
262,Knox,Bremmell,kbremmell79@51.la,Male,221.85.69.82
263,Veronike,Liddall,vliddall7a@accuweather.com,Female,56.70.237.191
264,Raddie,Smithe,rsmithe7b@desdev.cn,Male,123.133.115.210
265,Maurizia,Revitt,mrevitt7c@telegraph.co.uk,Female,84.195.166.110
266,Margarita,Ansell,mansell7d@desdev.cn,Female,255.34.198.76
267,Bronnie,Tranckle,btranckle7e@altervista.org,Male,54.206.209.175
268,Vladimir,Sare,vsare7f@trellian.com,Male,30.217.206.62
269,Jeramie,Forsdicke,jforsdicke7g@techcrunch.com,Agender,117.193.69.191
270,Rik,Lynes,rlynes7h@quantcast.com,Male,119.158.18.62
271,Druci,Maasze,dmaasze7i@cnet.com,Female,12.73.152.152
272,Laurens,Strelitz,lstrelitz7j@addthis.com,Male,40.84.45.43
273,Hector,Salzen,hsalzen7k@samsung.com,Male,192.99.237.53
274,Arlan,Finley,afinley7l@zimbio.com,Bigender,62.159.237.176
275,Astrix,Plet,aplet7m@webeden.co.uk,Female,147.28.3.236
276,Bronnie,O'Farrell,bofarrell7n@timesonline.co.uk,Non-binary,117.37.84.56
277,Marie-ann,Newbigging,mnewbigging7o@nbcnews.com,Female,230.1.244.95
278,Pincus,Foan,pfoan7p@wunderground.com,Male,194.196.246.49
279,Dicky,Cauthra,dcauthra7q@wufoo.com,Male,58.99.238.122
280,Garner,L'Archer,glarcher7r@reference.com,Male,200.184.68.112
281,Berty,Cajkler,bcajkler7s@google.ru,Male,204.119.62.178
282,Evanne,Anwell,eanwell7t@linkedin.com,Female,27.144.71.242
283,Godfree,Luc,gluc7u@java.com,Male,1.21.152.102
284,Conrad,Jope,cjope7v@usnews.com,Male,102.128.142.44
285,Rory,Thom,rthom7w@ft.com,Female,122.211.24.131
286,Ruthann,Woolard,rwoolard7x@smugmug.com,Female,172.180.21.244
287,Melisande,Kempson,mkempson7y@123-reg.co.uk,Female,42.149.157.66
288,Jenilee,Haslock(e),jhaslocke7z@jugem.jp,Genderfluid,222.153.15.37
289,Melisa,Syratt,msyratt80@unblog.fr,Genderqueer,84.42.249.236
290,Antonella,Burditt,aburditt81@sohu.com,Female,201.188.168.89
291,Abramo,Rimbault,arimbault82@nps.gov,Male,126.73.175.182
292,Beitris,Skeen,bskeen83@about.com,Genderqueer,25.159.29.33
293,Anestassia,Filyushkin,afilyushkin84@list-manage.com,Female,254.166.76.73
294,Lindsay,Linklater,llinklater85@cafepress.com,Male,146.174.72.112
295,Celestina,Craigie,ccraigie86@admin.ch,Female,163.0.18.139
296,Grange,Bernhardi,gbernhardi87@livejournal.com,Male,31.117.232.109
297,Sara,Ferminger,sferminger88@macromedia.com,Genderfluid,248.208.233.111
298,Aylmer,Wilfing,awilfing89@wordpress.com,Male,124.66.191.79
299,Gregorius,McMackin,gmcmackin8a@economist.com,Male,92.217.128.172
300,Minna,Abrami,mabrami8b@huffingtonpost.com,Female,31.231.58.186
301,Crystal,Hallmark,challmark8c@ucoz.com,Female,152.12.17.98
302,Adrianne,Semrad,asemrad8d@indiegogo.com,Female,72.43.103.1
303,Clem,Palumbo,cpalumbo8e@paypal.com,Female,149.2.213.35
304,Adena,Castano,acastano8f@google.es,Female,185.182.49.227
305,Waverly,Manilow,wmanilow8g@blogtalkradio.com,Male,200.240.43.140
306,Stuart,Alleburton,salleburton8h@census.gov,Male,235.121.214.188
307,Bord,Brymham,bbrymham8i@ifeng.com,Male,19.141.167.85
308,Ofilia,Farra,ofarra8j@columbia.edu,Female,94.66.23.230
309,Wilma,Pavie,wpavie8k@wp.com,Female,242.3.239.62
310,Lacee,Pleager,lpleager8l@ask.com,Female,127.250.147.0
311,Fey,Zoppie,fzoppie8m@marriott.com,Female,172.87.199.154
312,Wendeline,Mc Meekan,wmcmeekan8n@usa.gov,Female,202.146.111.25
313,Abby,Fields,afields8o@washingtonpost.com,Male,173.137.95.88
314,Camellia,Jammes,cjammes8p@seattletimes.com,Female,180.97.130.105
315,Tiffi,McTeggart,tmcteggart8q@acquirethisname.com,Female,235.245.213.85
316,Ellie,Mowsdell,emowsdell8r@seesaa.net,Female,228.125.157.244
317,Lexie,Henfre,lhenfre8s@dell.com,Female,245.124.208.9
318,Euell,Houchen,ehouchen8t@constantcontact.com,Male,63.165.79.58
319,Gaston,Pashe,gpashe8u@digg.com,Male,33.189.192.55
320,Iorgo,Beadles,ibeadles8v@toplist.cz,Male,202.211.185.191
321,Ezmeralda,Claus,eclaus8w@blogs.com,Female,136.240.128.18
322,Koressa,Sclater,ksclater8x@slashdot.org,Agender,50.77.66.163
323,Melessa,Ronaghan,mronaghan8y@whitehouse.gov,Bigender,184.139.174.74
324,Olwen,Pidgin,opidgin8z@dyndns.org,Female,251.66.175.65
325,Rustin,Warcup,rwarcup90@merriam-webster.com,Male,193.48.44.188
326,Mickey,Morena,mmorena91@soundcloud.com,Male,64.243.57.235
327,Doro,Fideler,dfideler92@zimbio.com,Female,221.157.149.157
328,Tessie,Binge,tbinge93@bbc.co.uk,Female,130.196.212.168
329,Genia,Janc,gjanc94@guardian.co.uk,Female,107.155.130.147
330,Bennie,Windaybank,bwindaybank95@feedburner.com,Male,34.131.190.27
331,Chlo,Emanuele,cemanuele96@list-manage.com,Female,229.255.236.119
332,Vernon,Harp,vharp97@google.co.uk,Male,158.13.201.185
333,Dodie,Farlane,dfarlane98@google.co.jp,Female,88.196.67.27
334,Udell,Dumberell,udumberell99@wiley.com,Male,131.205.241.214
335,Paula,Barff,pbarff9a@globo.com,Female,143.14.192.142
336,Tuckie,Varrow,tvarrow9b@senate.gov,Male,80.154.241.247
337,Octavius,Hardware,ohardware9c@edublogs.org,Male,43.99.105.79
338,Kissie,Trunchion,ktrunchion9d@storify.com,Female,237.195.62.230
339,Waldon,Samways,wsamways9e@bloglines.com,Male,220.108.97.17
340,Torrin,Simenot,tsimenot9f@multiply.com,Male,95.248.245.100
341,Perla,Rhelton,prhelton9g@nih.gov,Female,64.49.157.232
342,Cassey,Clementet,cclementet9h@yandex.ru,Female,186.204.42.132
343,Alana,Shiell,ashiell9i@lycos.com,Female,215.237.89.207
344,Xena,Kauffman,xkauffman9j@wikia.com,Non-binary,59.30.154.209
345,Halimeda,Duck,hduck9k@symantec.com,Female,234.151.228.113
346,Anallese,Standish-Brooks,astandishbrooks9l@cam.ac.uk,Female,71.225.253.17
347,Sloan,Blaiklock,sblaiklock9m@mail.ru,Male,117.80.50.31
348,Lauri,Goodsell,lgoodsell9n@jugem.jp,Female,110.74.46.24
349,Owen,Dredge,odredge9o@w3.org,Genderfluid,46.152.16.241
350,Corrinne,Welton,cwelton9p@ask.com,Female,105.160.127.231
351,Francine,Heaney,fheaney9q@pcworld.com,Female,236.18.90.41
352,Ax,Rebillard,arebillard9r@hhs.gov,Genderfluid,155.75.244.91
353,Eleen,Feldhuhn,efeldhuhn9s@sciencedirect.com,Female,236.117.133.196
354,Genny,Tripon,gtripon9t@last.fm,Female,177.198.64.248
355,Giovanni,Levis,glevis9u@topsy.com,Male,37.11.36.54
356,Jacquetta,McQuirk,jmcquirk9v@facebook.com,Female,251.53.112.162
357,Boot,Poutress,bpoutress9w@mapy.cz,Male,52.179.176.0
358,Trudie,Mityushkin,tmityushkin9x@is.gd,Genderqueer,14.142.24.65
359,Crosby,Loudon,cloudon9y@imgur.com,Male,50.78.68.101
360,Velvet,Gribbin,vgribbin9z@blog.com,Female,135.3.193.245
361,Veronique,Yesinov,vyesinova0@geocities.com,Female,221.192.236.225
362,Timmi,Threadgould,tthreadgoulda1@apache.org,Female,55.46.86.217
363,Britney,Necolds,bnecoldsa2@storify.com,Female,227.67.133.250
364,Burnaby,MacNucator,bmacnucatora3@diigo.com,Agender,107.100.113.104
365,Jimmie,Chappell,jchappella4@amazonaws.com,Male,139.222.127.10
366,Joseph,Gabbotts,jgabbottsa5@sphinn.com,Polygender,142.14.69.132
367,Kent,Hattrick,khattricka6@twitpic.com,Male,181.29.8.209
368,Fletch,Duffill,fduffilla7@phpbb.com,Male,139.166.39.128
369,Archambault,Thouless,athoulessa8@sciencedaily.com,Male,174.85.22.222
370,Juliann,Gobbett,jgobbetta9@cargocollective.com,Female,6.219.7.78
371,Rowney,Daykin,rdaykinaa@huffingtonpost.com,Male,210.254.214.75
372,Justis,Ackroyd,jackroydab@amazon.co.uk,Male,83.225.185.170
373,Doro,Fronks,dfronksac@spotify.com,Female,247.113.130.42
374,Calhoun,Heinert,cheinertad@tumblr.com,Male,122.100.246.161
375,Maris,Godbert,mgodbertae@netvibes.com,Female,209.195.224.242
376,Florette,Dilger,fdilgeraf@economist.com,Female,194.254.217.68
377,Kendricks,Shilton,kshiltonag@google.co.jp,Male,72.250.89.102
378,Corilla,Wingar,cwingarah@ask.com,Female,11.197.65.38
379,Allayne,Hallin,ahallinai@lulu.com,Male,16.18.83.245
380,Francoise,Trevallion,ftrevallionaj@51.la,Female,100.151.213.85
381,Shep,Bresner,sbresnerak@ed.gov,Male,26.73.60.152
382,Shaun,Gillbey,sgillbeyal@archive.org,Male,8.173.251.230
383,Barrie,Lydiate,blydiateam@icq.com,Male,18.22.24.4
384,Toiboid,Flescher,tflescheran@indiatimes.com,Male,121.232.122.127
385,Mayne,Arnely,marnelyao@kickstarter.com,Male,116.183.119.9
386,Mary,Cahillane,mcahillaneap@slideshare.net,Female,181.167.75.63
387,Eadie,Westcarr,ewestcarraq@globo.com,Female,53.54.96.40
388,Jessamyn,Christoffe,jchristoffear@nytimes.com,Female,117.139.166.12
389,Vikky,Bladon,vbladonas@ed.gov,Female,225.166.77.204
390,Romona,Beake,rbeakeat@issuu.com,Female,54.123.127.207
391,Candace,Perris,cperrisau@prweb.com,Genderqueer,169.168.122.105
392,Luke,Rablan,lrablanav@skype.com,Male,117.240.207.72
393,Giffer,Hartil,ghartilaw@is.gd,Male,10.203.2.191
394,Alair,Bonnick,abonnickax@wired.com,Male,94.197.105.202
395,Garvey,Brayford,gbrayforday@google.com.br,Male,60.96.241.145
396,Pyotr,Swedeland,pswedelandaz@twitter.com,Male,144.86.144.197
397,Dee,Helstrip,dhelstripb0@weebly.com,Female,37.82.233.153
398,Delaney,Heatherington,dheatheringtonb1@yolasite.com,Male,135.34.44.73
399,Delainey,Rielly,driellyb2@guardian.co.uk,Male,169.205.5.202
400,Cathleen,Frangello,cfrangellob3@blogtalkradio.com,Female,76.207.37.80
401,Ian,Rosenschein,irosenscheinb4@cargocollective.com,Male,232.240.119.211
402,Dominique,Bowhey,dbowheyb5@narod.ru,Female,72.150.230.233
403,Alyce,Golson,agolsonb6@cafepress.com,Female,27.231.32.221
404,Izzy,Bowes,ibowesb7@eventbrite.com,Male,239.245.106.208
405,Clem,Bottomore,cbottomoreb8@yale.edu,Male,205.185.207.215
406,Kimbell,Friar,kfriarb9@yahoo.com,Male,143.165.122.109
407,Xylia,Everingham,xeveringhamba@slate.com,Female,242.109.183.188
408,Gerry,Workes,gworkesbb@wisc.edu,Bigender,244.148.211.24
409,Auberon,Heliet,ahelietbc@friendfeed.com,Male,148.203.132.122
410,Nelly,Gerhartz,ngerhartzbd@amazon.co.jp,Female,14.120.101.85
411,Eugine,Durbin,edurbinbe@prlog.org,Female,131.178.92.244
412,Vikki,Mibourne,vmibournebf@gizmodo.com,Female,204.234.177.45
413,Maryjane,Cutcliffe,mcutcliffebg@mozilla.com,Female,76.235.71.215
414,Adrien,Cliff,acliffbh@opensource.org,Male,71.106.134.92
415,Trixy,Philipson,tphilipsonbi@alibaba.com,Female,116.75.203.244
416,Marguerite,Serrell,mserrellbj@shop-pro.jp,Agender,63.94.69.12
417,Loralee,Cossor,lcossorbk@trellian.com,Female,34.174.175.195
418,Katherine,Bamborough,kbamboroughbl@chronoengine.com,Female,72.10.235.160
419,Xerxes,Reye,xreyebm@is.gd,Male,34.203.210.72
420,Jodee,Plowell,jplowellbn@ycombinator.com,Female,210.169.163.114
421,Perceval,Hairyes,phairyesbo@uol.com.br,Male,191.123.0.167
422,Kylie,Bowness,kbownessbp@twitpic.com,Female,114.203.244.51
423,Brunhilda,Rosindill,brosindillbq@imdb.com,Female,42.143.69.206
424,Harley,Fowley,hfowleybr@gizmodo.com,Male,81.54.129.122
425,Kalila,Brokenshire,kbrokenshirebs@arizona.edu,Bigender,115.49.14.1
426,Kaitlin,Fruin,kfruinbt@marriott.com,Female,18.49.57.203
427,Michelle,Knoton,mknotonbu@rakuten.co.jp,Non-binary,224.37.218.160
428,Brendis,Tilbury,btilburybv@elegantthemes.com,Male,110.49.173.25
429,Xever,Dunphy,xdunphybw@etsy.com,Male,68.181.149.61
430,Regan,Lewcock,rlewcockbx@furl.net,Female,74.1.117.175
431,Jeanine,Mation,jmationby@utexas.edu,Female,219.209.172.250
432,Fredek,Capper,fcapperbz@about.com,Male,197.208.175.41
433,Michaella,Horche,mhorchec0@clickbank.net,Female,106.151.24.176
434,Gerianna,Rust,grustc1@springer.com,Female,0.132.176.83
435,Addie,Jay,ajayc2@webs.com,Male,0.4.227.107
436,Korrie,Klais,kklaisc3@hugedomains.com,Female,152.250.114.83
437,Elfrida,Matissoff,ematissoffc4@amazon.co.jp,Non-binary,29.99.100.59
438,Gawen,Kaley,gkaleyc5@economist.com,Male,139.103.119.60
439,Hashim,Haverty,hhavertyc6@engadget.com,Genderqueer,13.243.165.215
440,Jonathan,Tidbold,jtidboldc7@twitpic.com,Male,23.162.227.182
441,Chick,Karp,ckarpc8@vimeo.com,Male,233.90.124.143
442,Britteny,Cluitt,bcluittc9@live.com,Female,232.22.169.64
443,Gilbert,Haacker,ghaackerca@gmpg.org,Male,184.55.151.81
444,Dudley,De Leek,ddeleekcb@is.gd,Male,97.244.238.61
445,Gaspard,Pontain,gpontaincc@earthlink.net,Male,124.233.102.178
446,Harrie,Wildt,hwildtcd@google.com.br,Female,78.23.235.94
447,Leon,Swayne,lswaynece@howstuffworks.com,Male,85.91.212.108
448,Christophe,Sivell,csivellcf@economist.com,Male,148.175.145.172
449,Zondra,Labden,zlabdencg@wufoo.com,Female,188.231.8.51
450,Livvy,Davidman,ldavidmanch@wordpress.org,Female,88.135.245.43
451,Katharyn,Gemeau,kgemeauci@dailymail.co.uk,Female,149.165.215.212
452,Hedy,Iori,hioricj@auda.org.au,Female,128.113.20.221
453,Zitella,Brandle,zbrandleck@vk.com,Female,77.20.103.122
454,Rochella,Wines,rwinescl@washingtonpost.com,Female,68.51.165.63
455,Burg,Banck,bbanckcm@china.com.cn,Male,137.236.57.222
456,Lorilyn,Hunstone,lhunstonecn@cmu.edu,Female,200.247.222.151
457,Paxon,Biernacki,pbiernackico@reference.com,Male,122.236.131.93
458,Kenon,Swadlin,kswadlincp@state.gov,Male,62.232.54.157
459,Parsifal,Landsbury,plandsburycq@pen.io,Male,153.29.246.22
460,Verena,Rudall,vrudallcr@theatlantic.com,Female,252.208.27.209
461,Evered,Issacson,eissacsoncs@g.co,Male,193.254.177.193
462,Lazare,Branton,lbrantonct@biglobe.ne.jp,Male,154.241.97.151
463,Allayne,Trustrie,atrustriecu@shop-pro.jp,Male,206.228.248.173
464,Feliks,Goodred,fgoodredcv@ebay.co.uk,Male,220.47.45.132
465,Beulah,Bushnell,bbushnellcw@twitter.com,Female,174.159.92.177
466,Armando,Andries,aandriescx@google.de,Male,12.84.90.122
467,Fania,Seabrook,fseabrookcy@linkedin.com,Female,123.70.31.221
468,Hilary,Tiffney,htiffneycz@blogs.com,Male,230.11.104.144
469,Jeanie,Hickenbottom,jhickenbottomd0@samsung.com,Female,60.143.77.47
470,Obadias,Whibley,owhibleyd1@intel.com,Agender,13.110.169.141
471,Abran,Welds,aweldsd2@google.de,Male,235.82.25.81
472,Tobe,Hardcastle,thardcastled3@dot.gov,Female,175.67.152.212
473,Nicolas,Rosenblad,nrosenbladd4@princeton.edu,Male,54.1.205.167
474,Britta,Crier,bcrierd5@de.vu,Female,49.157.59.125
475,Paxton,Wainman,pwainmand6@usnews.com,Male,70.53.38.230
476,Genna,Bridywater,gbridywaterd7@fotki.com,Genderqueer,218.140.191.49
477,Karlis,Ladds,kladdsd8@newyorker.com,Male,83.229.24.4
478,Zacharias,Pordal,zpordald9@lulu.com,Male,83.6.199.205
479,Perla,O'Driscoll,podriscollda@shop-pro.jp,Female,26.129.143.252
480,Kevina,Bellino,kbellinodb@icq.com,Genderqueer,47.208.8.169
481,Genni,Geggie,ggeggiedc@slashdot.org,Female,68.211.75.104
482,Rachael,Robak,rrobakdd@hugedomains.com,Genderfluid,124.18.73.167
483,Mattie,Mosley,mmosleyde@newyorker.com,Female,82.29.57.129
484,Etienne,Couser,ecouserdf@youtu.be,Male,44.88.192.15
485,Zulema,Kensy,zkensydg@pinterest.com,Female,207.101.183.201
486,Del,Dorey,ddoreydh@artisteer.com,Male,72.188.247.183
487,Kenyon,Reddin,kreddindi@hatena.ne.jp,Male,64.216.240.35
488,Kimberlyn,MacGiany,kmacgianydj@cargocollective.com,Female,226.172.59.171
489,Lotti,Cromie,lcromiedk@weather.com,Bigender,247.180.185.141
490,Frederigo,Moye,fmoyedl@1und1.de,Male,199.64.22.217
491,Carroll,Robberecht,crobberechtdm@booking.com,Female,63.77.52.172
492,Flss,Seddon,fseddondn@creativecommons.org,Genderqueer,124.176.149.235
493,May,Syplus,msyplusdo@naver.com,Female,4.21.225.178
494,Phil,Oak,poakdp@ameblo.jp,Female,53.132.23.28
495,Gordy,Fresson,gfressondq@biblegateway.com,Male,156.79.241.176
496,Harriott,Farryan,hfarryandr@sciencedirect.com,Female,5.143.79.113
497,Tann,Fitzackerley,tfitzackerleyds@sogou.com,Male,173.168.147.121
498,Des,Veart,dveartdt@reverbnation.com,Male,150.248.70.109
499,Phillie,Kochlin,pkochlindu@house.gov,Female,211.160.18.27
500,Ettore,Pinock,epinockdv@loc.gov,Male,163.193.177.148
501,Kerby,Pyecroft,kpyecroftdw@com.com,Male,39.206.178.2
502,Maighdiln,Collin,mcollindx@parallels.com,Female,202.83.139.64
503,Evelyn,Adcocks,eadcocksdy@microsoft.com,Female,132.174.244.49
504,Arlie,Aldridge,aaldridgedz@guardian.co.uk,Female,64.252.137.239
505,Theresa,Geffinger,tgeffingere0@plala.or.jp,Female,117.131.232.142
506,Thorny,Gladdifh,tgladdifhe1@barnesandnoble.com,Male,136.55.88.153
507,Udell,Demaid,udemaide2@linkedin.com,Male,195.135.70.41
508,Delphine,Dand,ddande3@odnoklassniki.ru,Female,208.233.41.194
509,Judon,Constantine,jconstantinee4@zdnet.com,Male,73.177.152.26
510,Abrahan,Neighbour,aneighboure5@webmd.com,Male,35.13.221.235
511,Reese,Overill,roverille6@digg.com,Male,118.153.3.37
512,Shandeigh,Cottie,scottiee7@earthlink.net,Female,134.93.89.199
513,Rogers,Brassill,rbrassille8@fastcompany.com,Male,128.217.54.48
514,Bellina,Kauble,bkaublee9@trellian.com,Female,225.45.203.39
515,Eydie,McTear,emctearea@ifeng.com,Female,131.236.154.50
516,Levon,Giacovetti,lgiacovettieb@wisc.edu,Male,220.81.129.178
517,Julietta,O'Beirne,jobeirneec@nih.gov,Female,118.66.56.78
518,Mira,Stife,mstifeed@constantcontact.com,Female,43.81.126.39
519,Elisha,Pisculli,episculliee@t.co,Polygender,67.108.160.13
520,Terry,Damper,tdamperef@wikimedia.org,Agender,88.204.237.84
521,Dedra,Gatenby,dgatenbyeg@hubpages.com,Female,3.133.8.60
522,Ramon,Wein,rweineh@independent.co.uk,Male,219.209.250.4
523,Seymour,Zipsell,szipsellei@illinois.edu,Male,248.148.6.151
524,Roanna,Gyde,rgydeej@ucoz.com,Female,228.172.163.167
525,Colleen,Deeson,cdeesonek@github.io,Non-binary,169.4.15.153
526,Rubin,Trewman,rtrewmanel@businessweek.com,Male,62.97.32.219
527,Verine,Dobkin,vdobkinem@toplist.cz,Female,36.158.15.232
528,Franzen,Kemitt,fkemitten@ovh.net,Male,96.146.131.128
529,Nobe,Fitchell,nfitchelleo@vinaora.com,Male,181.110.11.124
530,Sibilla,Izakson,sizaksonep@mapquest.com,Female,234.62.59.24
531,Stearne,Radbourn,sradbourneq@state.tx.us,Male,248.114.167.107
532,Gray,Bondy,gbondyer@phoca.cz,Male,69.67.204.96
533,Jarid,Brennen,jbrennenes@shareasale.com,Male,167.43.126.124
534,Clim,Gloucester,cgloucesteret@icq.com,Male,202.85.232.78
535,Dougie,Esberger,desbergereu@omniture.com,Male,37.105.88.50
536,Cecelia,Doogood,cdoogoodev@census.gov,Female,72.230.10.96
537,Adolphe,Ginnally,aginnallyew@nhs.uk,Male,126.111.15.233
538,Clovis,Collop,ccollopex@unc.edu,Female,203.183.223.136
539,Mordy,Goudge,mgoudgeey@wufoo.com,Male,23.116.59.133
540,Lewie,Lighterness,llighternessez@technorati.com,Male,27.224.74.182
541,Warner,Gitsham,wgitshamf0@msu.edu,Male,50.249.166.139
542,Ilyssa,Pearmain,ipearmainf1@netvibes.com,Female,46.218.21.79
543,Mata,Scole,mscolef2@usda.gov,Polygender,150.191.63.158
544,Nonnah,Meaton,nmeatonf3@is.gd,Female,164.104.221.13
545,Leanora,Fortoun,lfortounf4@last.fm,Female,199.118.180.201
546,Kirbee,GiacobbiniJacob,kgiacobbinijacobf5@guardian.co.uk,Female,16.164.147.19
547,Babara,Dunridge,bdunridgef6@icio.us,Female,126.141.115.73
548,Catarina,Yuranovev,cyuranovevf7@indiegogo.com,Female,222.178.106.206
549,Ernestine,Balwin,ebalwinf8@qq.com,Female,167.32.138.204
550,Blondelle,Cheeseman,bcheesemanf9@freewebs.com,Female,237.101.254.29
551,Milly,Broker,mbrokerfa@cnbc.com,Polygender,120.251.109.212
552,Patricia,Taggerty,ptaggertyfb@wufoo.com,Female,60.110.48.42
553,Arlen,Nussen,anussenfc@gmpg.org,Female,14.145.8.150
554,Gerri,Gierok,ggierokfd@yandex.ru,Female,9.52.187.115
555,Denise,Endle,dendlefe@sciencedaily.com,Female,117.144.18.249
556,Sawyer,Rounds,sroundsff@ow.ly,Male,83.163.110.160
557,Brietta,Schoenrock,bschoenrockfg@omniture.com,Female,175.56.159.30
558,Marmaduke,Uren,murenfh@jalbum.net,Male,222.47.217.134
559,Kalie,Degli Antoni,kdegliantonifi@sfgate.com,Female,221.100.158.144
560,Jonell,McKoy,jmckoyfj@about.com,Female,122.57.35.240
561,Fitz,Seaking,fseakingfk@weebly.com,Male,151.57.60.197
562,Rourke,Jurisic,rjurisicfl@forbes.com,Agender,0.153.153.239
563,Nerty,Shovelin,nshovelinfm@apple.com,Female,110.39.206.113
564,Thorny,Youson,tyousonfn@symantec.com,Male,145.89.133.153
565,Peyter,Grisdale,pgrisdalefo@bigcartel.com,Male,210.177.246.30
566,Dagny,Izaac,dizaacfp@howstuffworks.com,Male,146.96.65.2
567,Doy,Grouen,dgrouenfq@youtu.be,Male,44.122.219.35
568,Marlee,Beecker,mbeeckerfr@twitter.com,Non-binary,48.102.115.138
569,Poul,Hurley,phurleyfs@yelp.com,Bigender,241.167.117.80
570,Gerrard,Dymock,gdymockft@cnn.com,Male,109.80.231.74
571,Jamey,Mitcham,jmitchamfu@friendfeed.com,Male,91.79.186.15
572,Arabella,Riordan,ariordanfv@opensource.org,Female,207.51.231.92
573,Herold,Bossons,hbossonsfw@msu.edu,Male,91.151.87.1
574,Bobbe,Fissenden,bfissendenfx@geocities.com,Female,103.64.228.207
575,Mariette,Sedge,msedgefy@blogspot.com,Female,230.13.183.154
576,Saw,Mullender,smullenderfz@ow.ly,Male,137.220.133.91
577,Avictor,O'Loinn,aoloinng0@squidoo.com,Male,119.170.47.33
578,Cobb,Kauble,ckaubleg1@furl.net,Male,143.118.71.243
579,Otha,Mackiewicz,omackiewiczg2@nydailynews.com,Female,75.202.49.108
580,Mario,Chivrall,mchivrallg3@japanpost.jp,Male,53.236.1.14
581,Denise,Gregore,dgregoreg4@aol.com,Female,161.187.136.252
582,Tibold,Barnwall,tbarnwallg5@liveinternet.ru,Male,114.103.189.165
583,Ellswerth,Cosyns,ecosynsg6@over-blog.com,Male,57.250.142.86
584,Mitchael,Mussalli,mmussallig7@buzzfeed.com,Male,245.9.250.14
585,Belicia,Postlethwaite,bpostlethwaiteg8@google.cn,Female,167.128.57.122
586,Jacquelin,Cufflin,jcuffling9@intel.com,Female,135.253.179.216
587,Chan,Placide,cplacidega@gnu.org,Male,72.87.30.229
588,Jemie,Bonifazio,jbonifaziogb@reverbnation.com,Female,35.84.15.247
589,Lamont,Arens,larensgc@shinystat.com,Male,254.219.217.87
590,Nadine,Siddall,nsiddallgd@imdb.com,Polygender,87.233.101.110
591,Phillie,Tanzig,ptanzigge@elpais.com,Female,175.5.67.252
592,Cece,Laurisch,claurischgf@reuters.com,Male,162.119.247.210
593,Anestassia,Cleever,acleevergg@goo.gl,Female,167.0.221.85
594,Brook,Yude,byudegh@t.co,Female,209.145.4.34
595,Milka,Sidnall,msidnallgi@discovery.com,Female,130.143.39.13
596,Haroun,Eilert,heilertgj@oakley.com,Male,196.12.62.228
597,Mia,Catonnet,mcatonnetgk@msn.com,Female,237.74.67.71
598,Ulberto,Althorp,ualthorpgl@ox.ac.uk,Male,246.199.61.25
599,Robyn,Selwood,rselwoodgm@feedburner.com,Female,38.221.175.182
600,Florentia,Lighterness,flighternessgn@nydailynews.com,Female,117.83.25.73
601,Susann,Beetham,sbeethamgo@arizona.edu,Female,42.42.14.230
602,Nico,Suthworth,nsuthworthgp@imgur.com,Genderfluid,85.83.34.161
603,Ulrike,Immins,uimminsgq@howstuffworks.com,Female,44.102.82.160
604,Myrtice,Kinglesyd,mkinglesydgr@ebay.com,Female,94.127.6.200
605,Sonnnie,Barbey,sbarbeygs@census.gov,Female,214.159.106.132
606,Isabelle,Tellenbrok,itellenbrokgt@dot.gov,Female,209.71.18.255
607,Christean,Ronaghan,cronaghangu@ft.com,Female,187.72.159.240
608,Lyon,Joutapavicius,ljoutapaviciusgv@mysql.com,Male,200.68.181.126
609,Templeton,Doerr,tdoerrgw@uol.com.br,Genderqueer,167.236.59.162
610,Stormy,McCawley,smccawleygx@opera.com,Female,109.237.35.77
611,Dori,Spurrett,dspurrettgy@tmall.com,Female,29.60.67.116
612,Ricky,O'Grady,rogradygz@theatlantic.com,Male,123.111.110.34
613,Kevin,Monni,kmonnih0@joomla.org,Male,27.146.176.209
614,Patton,Davenhill,pdavenhillh1@craigslist.org,Male,216.187.200.19
615,Dalia,Heigold,dheigoldh2@usa.gov,Female,198.71.19.106
616,Fonsie,Cowtherd,fcowtherdh3@hexun.com,Male,37.139.19.90
617,Brooke,Hubbins,bhubbinsh4@sun.com,Female,199.135.217.200
618,Prisca,Gillease,pgilleaseh5@stumbleupon.com,Female,36.178.215.1
619,Hephzibah,Roycroft,hroycrofth6@ihg.com,Female,168.95.28.217
620,Yehudit,Pachta,ypachtah7@loc.gov,Genderqueer,222.1.6.5
621,Kacey,Arnoll,karnollh8@networkadvertising.org,Female,152.199.18.72
622,Silvanus,Aitchinson,saitchinsonh9@vkontakte.ru,Male,163.43.139.25
623,Leupold,Le Marquis,llemarquisha@ow.ly,Male,243.81.62.46
624,Adore,Skeates,askeateshb@qq.com,Female,183.211.251.253
625,Burnard,Mackness,bmacknesshc@barnesandnoble.com,Male,25.68.18.195
626,Agneta,Peyzer,apeyzerhd@rambler.ru,Female,166.226.29.31
627,Sarene,Chritchlow,schritchlowhe@vkontakte.ru,Polygender,27.110.33.200
628,Wyatt,Highton,whightonhf@dyndns.org,Male,130.175.181.30
629,Udell,Suller,usullerhg@g.co,Male,62.241.218.106
630,Isaiah,Grinikhin,igrinikhinhh@ezinearticles.com,Male,178.218.87.254
631,Sasha,Grinyakin,sgrinyakinhi@auda.org.au,Male,153.50.67.128
632,Franchot,Mazzey,fmazzeyhj@prweb.com,Male,170.92.149.182
633,Trstram,McGilben,tmcgilbenhk@bravesites.com,Male,109.3.235.254
634,Reid,Atkyns,ratkynshl@google.co.uk,Non-binary,175.138.3.16
635,Westleigh,Tribbeck,wtribbeckhm@tinypic.com,Male,248.9.93.192
636,Arvy,Treher,atreherhn@wordpress.org,Male,68.43.100.5
637,Skyler,Crollman,scrollmanho@blinklist.com,Male,243.133.166.154
638,Mae,Twinn,mtwinnhp@youtube.com,Bigender,252.217.248.245
639,Sascha,Kits,skitshq@vinaora.com,Female,239.221.165.155
640,Sheffy,McSkin,smcskinhr@sun.com,Male,146.142.156.231
641,Randene,MacKerley,rmackerleyhs@craigslist.org,Agender,246.41.99.199
642,Rubina,Rimmington,rrimmingtonht@cnet.com,Agender,138.96.254.45
643,Pippa,Martine,pmartinehu@google.cn,Non-binary,193.78.13.105
644,Perrine,Hargraves,phargraveshv@360.cn,Female,91.215.136.195
645,Kaylee,Rowling,krowlinghw@jimdo.com,Female,183.119.200.228
646,Briant,Edel,bedelhx@umn.edu,Male,57.233.37.42
647,Eveline,Andresen,eandresenhy@wikimedia.org,Female,142.127.9.235
648,Mead,Culter,mculterhz@sun.com,Female,200.13.88.197
649,Etienne,Rosenblath,erosenblathi0@google.com.hk,Bigender,119.57.219.115
650,Dene,Knath,dknathi1@cnbc.com,Male,198.24.37.54
651,Harbert,Von Helmholtz,hvonhelmholtzi2@gizmodo.com,Male,157.135.132.243
652,Greg,Ruggen,gruggeni3@soup.io,Male,180.103.197.104
653,Bryanty,Goggey,bgoggeyi4@miibeian.gov.cn,Male,136.178.222.110
654,Harrison,Berns,hbernsi5@github.com,Male,243.18.50.157
655,Andras,Seares,asearesi6@kickstarter.com,Male,245.198.21.44
656,Maximo,Habbert,mhabberti7@wikia.com,Male,105.34.96.115
657,Joelynn,Butland,jbutlandi8@issuu.com,Female,153.159.71.133
658,Durand,Stowell,dstowelli9@netlog.com,Male,145.201.28.167
659,Fay,Fleote,ffleoteia@bluehost.com,Female,155.202.26.25
660,Vickie,Longbottom,vlongbottomib@cisco.com,Female,162.99.8.216
661,Sheilakathryn,Delaney,sdelaneyic@bloglovin.com,Female,226.148.201.83
662,Gabriellia,Browell,gbrowellid@nhs.uk,Female,195.34.61.192
663,Belle,Stanlike,bstanlikeie@deviantart.com,Agender,127.131.39.247
664,Ciro,Locarno,clocarnoif@ca.gov,Male,84.129.37.11
665,Ana,Scini,asciniig@foxnews.com,Female,110.88.165.187
666,Gillie,Southway,gsouthwayih@dell.com,Female,143.135.91.207
667,Gaylord,Golthorpp,ggolthorppii@dot.gov,Male,61.75.217.233
668,Chris,Cansdill,ccansdillij@plala.or.jp,Female,125.100.160.118
669,Borden,Thornborrow,bthornborrowik@ovh.net,Male,150.161.234.24
670,Sunny,Vescovini,svescoviniil@washington.edu,Genderqueer,122.109.127.149
671,Lorna,Rieger,lriegerim@auda.org.au,Female,69.149.67.106
672,Fielding,Hutchason,fhutchasonin@aol.com,Male,48.69.190.251
673,Tommy,Thaim,tthaimio@jugem.jp,Female,235.83.164.106
674,Fleur,Baldcock,fbaldcockip@ameblo.jp,Female,216.23.170.136
675,Blancha,Bento,bbentoiq@nbcnews.com,Female,73.118.9.218
676,Trudey,Samples,tsamplesir@nymag.com,Agender,244.69.35.65
677,Egan,Comiskey,ecomiskeyis@smugmug.com,Bigender,27.87.94.142
678,Olenolin,Acosta,oacostait@globo.com,Male,117.127.104.249
679,Cristal,Quadrio,cquadrioiu@paginegialle.it,Non-binary,231.240.247.18
680,Phaedra,Bartolic,pbartoliciv@people.com.cn,Female,3.67.229.197
681,Marketa,Bice,mbiceiw@apple.com,Female,154.222.58.92
682,Adella,Readwin,areadwinix@live.com,Female,169.64.230.122
683,Merrill,Barreau,mbarreauiy@bluehost.com,Male,90.199.187.249
684,Rowland,Lusher,rlusheriz@nationalgeographic.com,Male,32.153.83.214
685,Chloris,Bissiker,cbissikerj0@nps.gov,Female,193.208.27.60
686,Deana,Niccolls,dniccollsj1@csmonitor.com,Female,182.16.20.202
687,Burty,Ditts,bdittsj2@issuu.com,Male,12.54.189.46
688,Monte,Krojn,mkrojnj3@noaa.gov,Male,216.83.55.25
689,Orsola,Bucknill,obucknillj4@yale.edu,Female,4.187.35.60
690,Ivett,Hawgood,ihawgoodj5@java.com,Female,22.200.12.60
691,Carroll,Villalta,cvillaltaj6@tumblr.com,Male,118.201.4.57
692,Algernon,Birdall,abirdallj7@prlog.org,Male,69.147.13.7
693,Vance,Somerlie,vsomerliej8@economist.com,Male,111.234.9.169
694,Ethelred,Tassel,etasselj9@oakley.com,Male,161.129.59.116
695,Neil,Infante,ninfanteja@unicef.org,Male,170.202.196.135
696,Mohandis,Cudd,mcuddjb@storify.com,Male,104.244.150.178
697,Gretal,Hast,ghastjc@nih.gov,Female,198.254.15.17
698,Whitney,Wornham,wwornhamjd@amazon.co.uk,Male,136.59.157.114
699,Sullivan,Fulle,sfulleje@answers.com,Male,242.23.184.189
700,Jaclin,Lyptrit,jlyptritjf@jalbum.net,Female,141.120.90.27
701,Benn,Seiler,bseilerjg@vkontakte.ru,Male,23.84.142.150
702,Verna,Mulliner,vmullinerjh@unicef.org,Female,213.64.105.196
703,Corrinne,Pogosian,cpogosianji@microsoft.com,Female,157.255.75.43
704,Simonne,Rowthorne,srowthornejj@slashdot.org,Polygender,245.66.81.28
705,Demetre,Ousley,dousleyjk@gizmodo.com,Male,85.53.243.22
706,Gerrie,Ebbetts,gebbettsjl@chron.com,Male,3.125.142.192
707,Christan,Brister,cbristerjm@is.gd,Female,127.9.102.56
708,Addia,Catherick,acatherickjn@globo.com,Female,101.204.102.9
709,Ulysses,Pepperd,upepperdjo@flavors.me,Male,137.145.244.192
710,Melly,Shilleto,mshilletojp@1und1.de,Female,59.224.129.106
711,Harv,Biggans,hbiggansjq@smh.com.au,Male,204.220.45.185
712,Teodor,Ferenczy,tferenczyjr@odnoklassniki.ru,Male,119.114.31.8
713,Lil,Traves,ltravesjs@cloudflare.com,Female,125.153.67.74
714,Blanca,Toffts,btofftsjt@redcross.org,Female,228.212.140.69
715,Lynelle,Sandeland,lsandelandju@myspace.com,Female,220.3.70.17
716,Marion,Minchenton,mminchentonjv@weather.com,Male,96.202.170.7
717,Dulcy,Paradis,dparadisjw@skyrock.com,Female,221.104.34.216
718,Garey,Barme,gbarmejx@cnn.com,Male,121.171.178.99
719,Taite,Petracci,tpetraccijy@theatlantic.com,Male,34.50.249.32
720,Fifine,Hessentaler,fhessentalerjz@twitpic.com,Female,137.67.198.143
721,Khalil,Mara,kmarak0@wired.com,Male,153.196.43.180
722,Evangelina,Thatcher,ethatcherk1@pbs.org,Female,218.0.65.210
723,Karine,Germaine,kgermainek2@plala.or.jp,Female,178.63.94.150
724,Merilyn,Walwood,mwalwoodk3@nih.gov,Female,188.104.213.31
725,Goldi,Trunchion,gtrunchionk4@eventbrite.com,Female,109.151.10.186
726,Seth,Meneo,smeneok5@engadget.com,Genderfluid,127.188.24.96
727,Maritsa,Brideoke,mbrideokek6@stumbleupon.com,Polygender,62.132.61.148
728,Shamus,Hawson,shawsonk7@eepurl.com,Male,68.55.97.151
729,Luca,Ten Broek,ltenbroekk8@msn.com,Male,245.74.21.106
730,Dory,Fumagallo,dfumagallok9@usgs.gov,Male,64.76.103.195
731,Eugenie,Hallihane,ehallihaneka@wikimedia.org,Female,215.197.140.49
732,Ardelle,Whaplington,awhaplingtonkb@umn.edu,Female,0.4.7.127
733,Amble,Cogger,acoggerkc@topsy.com,Male,70.85.121.123
734,Sybyl,Greenhall,sgreenhallkd@purevolume.com,Female,200.77.203.92
735,Yehudit,Rysdale,yrysdaleke@phpbb.com,Male,59.245.139.213
736,Eustace,Belasco,ebelascokf@auda.org.au,Male,168.237.232.88
737,Addy,Guthrie,aguthriekg@ehow.com,Genderfluid,226.205.33.44
738,Amby,Bracci,abraccikh@buzzfeed.com,Male,222.34.252.221
739,Addison,Jancar,ajancarki@amazon.co.uk,Male,154.140.145.205
740,Hephzibah,Riddles,hriddleskj@vkontakte.ru,Female,239.77.15.119
741,Nicholas,Saill,nsaillkk@dagondesign.com,Genderqueer,231.152.9.196
742,Merell,Stroyan,mstroyankl@examiner.com,Male,202.164.112.53
743,Susanna,Payze,spayzekm@nydailynews.com,Female,35.160.242.11
744,Geoff,Dumsday,gdumsdaykn@sohu.com,Male,236.105.252.112
745,Maryjane,Wint,mwintko@latimes.com,Female,101.50.10.66
746,Caroline,Pudding,cpuddingkp@nyu.edu,Female,231.205.5.133
747,Tania,Epsly,tepslykq@accuweather.com,Female,28.84.28.227
748,Tynan,Garretts,tgarrettskr@census.gov,Male,162.213.17.239
749,Ario,Bentke,abentkeks@furl.net,Male,53.133.248.196
750,Bern,Larvin,blarvinkt@wired.com,Male,71.9.247.211
751,Maurizio,Beebee,mbeebeeku@japanpost.jp,Male,93.100.139.146
752,Kristy,Burnsyde,kburnsydekv@woothemes.com,Female,73.125.75.97
753,Sawyere,Killwick,skillwickkw@google.nl,Male,111.247.142.57
754,Carlee,Busswell,cbusswellkx@1und1.de,Female,93.198.114.34
755,Gunther,Woodall,gwoodallky@europa.eu,Male,189.209.173.91
756,Angelico,Raecroft,araecroftkz@netlog.com,Male,55.123.3.38
757,Bride,Cutmore,bcutmorel0@xing.com,Female,169.40.150.27
758,Chrissie,Arthurs,carthursl1@instagram.com,Male,132.69.65.60
759,Randee,McBlain,rmcblainl2@telegraph.co.uk,Female,95.231.229.79
760,Ora,Mound,omoundl3@jalbum.net,Bigender,9.176.153.10
761,Otis,Hamlett,ohamlettl4@stumbleupon.com,Male,77.44.176.77
762,Carole,Norledge,cnorledgel5@patch.com,Agender,120.229.226.251
763,Wenda,Bettison,wbettisonl6@istockphoto.com,Female,35.164.224.190
764,Marice,Lory,mloryl7@nytimes.com,Non-binary,184.88.96.3
765,Giavani,Gotobed,ggotobedl8@privacy.gov.au,Male,12.35.39.0
766,Dulsea,Kaley,dkaleyl9@mapquest.com,Female,163.154.222.217
767,Zorine,Radclyffe,zradclyffela@timesonline.co.uk,Female,180.90.48.55
768,Rich,Daws,rdawslb@marketwatch.com,Genderqueer,60.49.235.231
769,Ashli,Cave,acavelc@msu.edu,Polygender,58.123.254.216
770,Sylvia,Penkethman,spenkethmanld@economist.com,Female,28.222.19.84
771,Genvieve,Simmank,gsimmankle@arizona.edu,Agender,136.103.195.140
772,Lissa,Eickhoff,leickhofflf@mit.edu,Female,60.160.216.79
773,Derby,O'Roan,doroanlg@mashable.com,Male,69.193.98.240
774,Beckie,Mainz,bmainzlh@photobucket.com,Polygender,2.110.146.215
775,Emilee,Redihough,eredihoughli@hubpages.com,Female,85.228.164.239
776,Nerita,Stampfer,nstampferlj@skype.com,Female,43.111.206.84
777,Renelle,Pennaman,rpennamanlk@woothemes.com,Female,81.245.22.90
778,Coleen,Anstead,cansteadll@gmpg.org,Female,2.169.252.98
779,Trista,Wooding,twoodinglm@dedecms.com,Female,40.182.7.88
780,Emmit,Brithman,ebrithmanln@auda.org.au,Male,50.7.81.40
781,Lurlene,Ivanichev,livanichevlo@unesco.org,Female,13.241.153.105
782,Drucy,Mochar,dmocharlp@yelp.com,Female,41.26.84.195
783,Tymothy,Dungey,tdungeylq@harvard.edu,Male,100.3.132.48
784,Chicky,Scully,cscullylr@hao123.com,Male,11.206.142.35
785,Alisun,Harness,aharnessls@themeforest.net,Female,205.246.191.127
786,Rog,Hanaford,rhanafordlt@newsvine.com,Male,207.159.37.246
787,Ara,Louch,alouchlu@hibu.com,Male,32.106.145.88
788,Viv,Maffucci,vmaffuccilv@independent.co.uk,Female,66.168.164.130
789,Eb,Gogerty,egogertylw@bloomberg.com,Male,151.18.247.38
790,Gwendolin,Andric,gandriclx@ow.ly,Female,243.39.248.204
791,Van,Sugg,vsuggly@indiegogo.com,Female,19.226.49.81
792,Ellyn,Letson,eletsonlz@ycombinator.com,Female,217.113.77.4
793,Federico,Gilhooley,fgilhooleym0@statcounter.com,Male,116.97.12.151
794,Jedd,Longford,jlongfordm1@ning.com,Male,61.182.206.240
795,Kennett,Roskruge,kroskrugem2@digg.com,Male,151.207.149.22
796,Allina,Seary,asearym3@earthlink.net,Female,59.168.210.194
797,Emmalynne,Shardlow,eshardlowm4@techcrunch.com,Female,6.128.141.121
798,Nathaniel,Carp,ncarpm5@ebay.com,Male,34.79.252.243
799,Tiebold,Holligan,tholliganm6@google.pl,Male,199.238.14.252
800,Tatiania,Arling,tarlingm7@lulu.com,Female,118.146.228.2
801,Corette,Von Welden,cvonweldenm8@earthlink.net,Non-binary,68.38.123.77
802,Morgen,Silversmidt,msilversmidtm9@ask.com,Female,226.138.209.78
803,Durand,Krauss,dkraussma@omniture.com,Male,121.136.61.124
804,Renata,Slaght,rslaghtmb@issuu.com,Female,24.47.61.55
805,Letizia,Cuniffe,lcuniffemc@chicagotribune.com,Female,91.190.38.233
806,Hubie,Fiddeman,hfiddemanmd@stanford.edu,Male,52.169.105.227
807,Beau,Gowans,bgowansme@lulu.com,Male,160.147.186.105
808,Shelton,Clough,scloughmf@google.pl,Male,125.226.199.242
809,Karyl,Friedenbach,kfriedenbachmg@blogtalkradio.com,Female,76.232.70.164
810,Corri,Sentance,csentancemh@geocities.jp,Female,84.228.125.223
811,Rodge,Vasnetsov,rvasnetsovmi@nsw.gov.au,Male,91.116.112.120
812,Felicio,Onians,foniansmj@issuu.com,Male,253.124.15.231
813,Louise,Tuffs,ltuffsmk@soundcloud.com,Female,61.254.187.86
814,Liana,Tuffey,ltuffeyml@apache.org,Female,205.240.187.251
815,Bev,Darwen,bdarwenmm@wikia.com,Female,113.104.173.198
816,Aprilette,O'Doran,aodoranmn@deliciousdays.com,Female,173.37.196.114
817,Giustino,Tearny,gtearnymo@amazon.de,Male,62.52.196.71
818,Dwight,Lumly,dlumlymp@ebay.co.uk,Male,227.249.76.197
819,Delmore,Scrase,dscrasemq@cnet.com,Male,161.155.229.212
820,Fayth,Ceschelli,fceschellimr@nasa.gov,Female,30.167.6.178
821,Coletta,Duncklee,cdunckleems@vimeo.com,Female,84.86.196.47
822,Meris,Screeton,mscreetonmt@hhs.gov,Female,213.41.118.206
823,Skip,Gillbee,sgillbeemu@multiply.com,Male,28.108.231.115
824,Ransell,Hugonnet,rhugonnetmv@google.it,Male,148.20.44.68
825,Moses,Habbijam,mhabbijammw@blogtalkradio.com,Male,125.46.157.214
826,Vasilis,Giddy,vgiddymx@nbcnews.com,Male,146.73.3.59
827,Bryon,McGrae,bmcgraemy@samsung.com,Male,34.219.84.100
828,Marylynne,Saunton,msauntonmz@infoseek.co.jp,Female,25.57.227.61
829,Dorothea,Norcutt,dnorcuttn0@opensource.org,Female,193.247.162.54
830,Franzen,McNeil,fmcneiln1@bloglovin.com,Male,105.81.4.170
831,Shea,Buzin,sbuzinn2@mozilla.org,Female,254.41.223.85
832,Kalindi,Kearle,kkearlen3@lycos.com,Female,127.73.133.134
833,Morris,Milliken,mmillikenn4@home.pl,Male,255.53.221.106
834,Kaitlyn,Fitkin,kfitkinn5@cyberchimps.com,Female,197.187.189.174
835,Penelope,Sprionghall,psprionghalln6@ted.com,Female,89.206.83.89
836,Keir,Barbary,kbarbaryn7@delicious.com,Male,199.35.233.179
837,Trevar,Eye,teyen8@quantcast.com,Male,71.209.2.34
838,Jabez,De la Feld,jdelafeldn9@desdev.cn,Male,237.163.96.38
839,Peterus,Iacovini,piacovinina@lulu.com,Male,92.105.114.223
840,Alison,Marke,amarkenb@reddit.com,Female,234.251.1.173
841,Hazel,Marron,hmarronnc@purevolume.com,Female,69.93.181.147
842,Bili,Lippo,blippond@fc2.com,Female,18.83.136.233
843,Elenore,Linne,elinnene@virginia.edu,Female,162.223.57.41
844,Bruce,Farge,bfargenf@ning.com,Male,116.82.44.124
845,Gael,Rowdell,growdellng@bigcartel.com,Female,166.100.130.90
846,Lynnell,Garci,lgarcinh@youku.com,Female,142.253.94.181
847,Dilan,Margaritelli,dmargaritellini@google.ru,Genderqueer,186.54.155.40
848,Edgard,Wardale,ewardalenj@exblog.jp,Male,180.114.179.133
849,Adeline,Walton,awaltonnk@msn.com,Female,175.154.16.128
850,Glenine,Rankmore,grankmorenl@vimeo.com,Female,111.94.184.218
851,Kayne,Rzehorz,krzehorznm@eepurl.com,Male,255.243.230.64
852,Silvanus,Mitham,smithamnn@behance.net,Agender,21.43.174.21
853,Pincus,Zuanelli,pzuanellino@washington.edu,Male,157.171.187.119
854,Denna,Manvell,dmanvellnp@senate.gov,Female,52.30.221.254
855,Morey,Rearie,mrearienq@joomla.org,Male,149.69.99.83
856,Daryl,Callear,dcallearnr@dailymail.co.uk,Female,115.211.246.235
857,Brandy,Grahlmans,bgrahlmansns@huffingtonpost.com,Female,63.26.39.17
858,Jay,Sheber,jshebernt@vk.com,Polygender,82.40.226.254
859,Ellissa,Witten,ewittennu@hud.gov,Female,189.162.32.186
860,Gilbert,Cisar,gcisarnv@alibaba.com,Male,111.36.93.89
861,Tamera,Wassung,twassungnw@instagram.com,Non-binary,14.174.206.81
862,Lucienne,Bussens,lbussensnx@state.gov,Female,79.241.1.196
863,Hal,Sweeney,hsweeneyny@phpbb.com,Male,96.186.186.140
864,Krispin,Farnill,kfarnillnz@discovery.com,Male,184.224.199.70
865,Keary,Mollon,kmollono0@cdc.gov,Male,145.168.246.47
866,Raven,Linzey,rlinzeyo1@comsenz.com,Female,123.7.3.50
867,Delinda,Sydney,dsydneyo2@fastcompany.com,Female,86.221.165.70
868,Farlie,Galvan,fgalvano3@amazon.co.uk,Male,42.206.45.233
869,Cchaddie,Spurgin,cspurgino4@cnn.com,Male,172.246.255.89
870,Mureil,Book,mbooko5@google.cn,Female,40.140.17.118
871,Kym,Rickerby,krickerbyo6@fastcompany.com,Female,24.51.133.236
872,Brody,Lilleyman,blilleymano7@cisco.com,Male,56.150.188.192
873,Milton,Abadam,mabadamo8@sciencedaily.com,Male,43.221.26.240
874,Etty,Halligan,ehalligano9@youtu.be,Female,182.32.226.95
875,Thia,Lippatt,tlippattoa@wix.com,Female,236.20.191.23
876,Agnella,Cello,acelloob@dagondesign.com,Female,96.225.230.145
877,Read,Mumberson,rmumbersonoc@diigo.com,Male,199.162.123.19
878,Stephie,Cockland,scocklandod@slideshare.net,Female,23.35.81.46
879,Alexis,Adel,aadeloe@techcrunch.com,Male,236.133.240.16
880,Patrizio,Penner,ppennerof@tumblr.com,Male,193.221.167.15
881,Alonso,Gilbride,agilbrideog@livejournal.com,Male,224.255.220.64
882,Filmore,Lethabridge,flethabridgeoh@senate.gov,Genderqueer,97.64.148.201
883,Arney,Pasek,apasekoi@msn.com,Male,171.13.46.24
884,Curtice,Michelle,cmichelleoj@photobucket.com,Male,160.90.48.20
885,Leanna,Powderham,lpowderhamok@virginia.edu,Female,62.114.20.228
886,Bastien,Fillimore,bfillimoreol@zimbio.com,Male,253.115.143.97
887,Oates,Stenet,ostenetom@foxnews.com,Male,121.199.119.92
888,Kynthia,Tesmond,ktesmondon@1und1.de,Female,52.198.115.66
889,Doralin,Littledyke,dlittledykeoo@umich.edu,Agender,87.146.132.81
890,Blythe,Midford,bmidfordop@mozilla.org,Female,70.68.67.107
891,Keir,Farrent,kfarrentoq@senate.gov,Male,0.90.64.190
892,Aron,Chipchase,achipchaseor@imgur.com,Male,195.178.196.63
893,Jesse,Zealy,jzealyos@amazon.de,Female,126.48.81.132
894,Doro,Saice,dsaiceot@whitehouse.gov,Female,225.168.103.9
895,Siegfried,Melley,smelleyou@livejournal.com,Male,154.35.31.58
896,Roze,Yakhin,ryakhinov@friendfeed.com,Non-binary,176.200.227.236
897,Sebastien,Dayly,sdaylyow@usatoday.com,Male,90.178.204.110
898,Gunilla,Hinstock,ghinstockox@telegraph.co.uk,Female,21.28.207.78
899,Daniel,Higgoe,dhiggoeoy@npr.org,Male,13.250.129.217
900,Marguerite,Hallstone,mhallstoneoz@purevolume.com,Bigender,84.84.142.214
901,Caitlin,Bouldstridge,cbouldstridgep0@abc.net.au,Genderfluid,252.71.96.203
902,Moore,Foulds,mfouldsp1@thetimes.co.uk,Male,253.73.77.169
903,Malinde,Mealing,mmealingp2@paginegialle.it,Female,39.121.9.220
904,Karilynn,Pembery,kpemberyp3@multiply.com,Female,211.31.103.130
905,Fredek,Huggett,fhuggettp4@moonfruit.com,Male,23.241.243.54
906,Simeon,Glasheen,sglasheenp5@rediff.com,Male,230.215.72.76
907,Mathe,Dubery,mduberyp6@unblog.fr,Male,27.183.252.243
908,Farlee,Bernardelli,fbernardellip7@w3.org,Male,28.150.40.52
909,Klemens,Agates,kagatesp8@phpbb.com,Male,235.195.92.170
910,Gerik,Emerine,gemerinep9@alexa.com,Male,90.189.196.191
911,Jessey,Saby,jsabypa@ask.com,Male,8.73.228.214
912,Marketa,Arnoll,marnollpb@blog.com,Female,225.250.15.2
913,Hoebart,Tremmil,htremmilpc@4shared.com,Male,69.253.23.174
914,Jo-anne,Divisek,jdivisekpd@histats.com,Female,177.242.11.17
915,Leela,Curling,lcurlingpe@comsenz.com,Polygender,223.83.201.234
916,Xavier,Gundry,xgundrypf@unesco.org,Male,123.249.75.71
917,Allina,Speeks,aspeekspg@tripadvisor.com,Female,169.206.97.39
918,Torrie,Whales,twhalesph@mail.ru,Female,231.20.52.203
919,Dall,Andreas,dandreaspi@paypal.com,Male,112.164.81.214
920,Kippar,Mosedall,kmosedallpj@lycos.com,Male,214.236.208.239
921,Layla,Pervoe,lpervoepk@github.com,Female,150.203.244.58
922,Forester,Letherbury,fletherburypl@netscape.com,Male,65.219.200.84
923,Burke,Hartly,bhartlypm@paginegialle.it,Male,170.127.123.153
924,Arie,Greasley,agreasleypn@people.com.cn,Male,72.212.64.111
925,Ignazio,Cosham,icoshampo@lulu.com,Male,94.152.216.87
926,Pall,Todhunter,ptodhunterpp@chronoengine.com,Male,238.103.236.142
927,Glori,Wyeth,gwyethpq@sun.com,Female,206.118.102.248
928,Feodora,MacLoughlin,fmacloughlinpr@weather.com,Female,136.135.108.98
929,Kalindi,McKeand,kmckeandps@alibaba.com,Female,238.150.32.208
930,Galvan,Drake,gdrakept@dropbox.com,Male,209.227.231.16
931,Christean,Raithmill,craithmillpu@miitbeian.gov.cn,Female,205.220.177.233
932,Adora,Warlock,awarlockpv@youku.com,Genderfluid,116.101.248.16
933,Laina,Mattin,lmattinpw@narod.ru,Female,36.176.235.18
934,Immanuel,Scupham,iscuphampx@indiatimes.com,Male,246.21.133.204
935,Kath,Headly,kheadlypy@dailymail.co.uk,Female,112.175.209.12
936,Jaclin,Pevsner,jpevsnerpz@xinhuanet.com,Female,116.117.3.145
937,Hester,Goodspeed,hgoodspeedq0@ucoz.ru,Female,83.156.109.123
938,Flori,Rodell,frodellq1@abc.net.au,Female,202.30.86.39
939,Izzy,Clac,iclacq2@joomla.org,Male,240.197.209.7
940,Kylila,Torrance,ktorranceq3@123-reg.co.uk,Female,39.209.244.6
941,Laurianne,Pentland,lpentlandq4@yahoo.com,Female,59.121.103.21
942,Clarissa,Dysert,cdysertq5@ebay.com,Female,231.23.103.151
943,Cathee,Joicey,cjoiceyq6@mlb.com,Female,185.119.207.163
944,Uriah,Housiaux,uhousiauxq7@vinaora.com,Male,40.12.245.50
945,Leanna,Inker,linkerq8@un.org,Bigender,144.27.213.40
946,Patrick,Clubbe,pclubbeq9@buzzfeed.com,Male,126.72.223.147
947,Kippie,Culp,kculpqa@census.gov,Male,22.22.121.138
948,Elise,Kerin,ekerinqb@nyu.edu,Female,98.225.14.28
949,Shel,Baughn,sbaughnqc@forbes.com,Female,240.148.88.71
950,Marthena,Hindenberger,mhindenbergerqd@privacy.gov.au,Genderqueer,191.139.132.180
951,Lorena,Yeoman,lyeomanqe@goo.gl,Female,23.158.92.5
952,Gayelord,Frill,gfrillqf@archive.org,Male,217.55.57.23
953,Gustav,O'Corrigane,gocorriganeqg@reuters.com,Male,80.89.53.32
954,Ricardo,Brogan,rbroganqh@businessweek.com,Male,96.67.108.90
955,Karrie,Tolputt,ktolputtqi@51.la,Female,201.83.0.251
956,Sayre,Giffin,sgiffinqj@cdbaby.com,Female,24.191.174.57
957,Edita,Riccelli,ericcelliqk@apple.com,Bigender,7.75.37.188
958,Shaylyn,Ladley,sladleyql@auda.org.au,Female,181.81.176.98
959,Frans,Goroni,fgoroniqm@indiegogo.com,Male,188.173.158.181
960,Agathe,Bowater,abowaterqn@ovh.net,Female,91.29.147.253
961,Pier,Korfmann,pkorfmannqo@tripod.com,Female,166.206.251.157
962,Lynnell,Stanton,lstantonqp@cbsnews.com,Female,171.137.234.137
963,Mandel,Grattan,mgrattanqq@themeforest.net,Male,113.13.26.182
964,Carmencita,Bache,cbacheqr@etsy.com,Non-binary,120.188.153.143
965,Frans,Roslen,froslenqs@gov.uk,Male,243.162.184.137
966,Aloin,Enos,aenosqt@bizjournals.com,Male,189.210.35.166
967,Ralf,Splevins,rsplevinsqu@1und1.de,Male,140.75.52.89
968,Rafaellle,Brisson,rbrissonqv@acquirethisname.com,Male,194.156.7.93
969,Arnold,Rings,aringsqw@cnet.com,Male,49.13.246.90
970,Cleon,Felix,cfelixqx@behance.net,Male,142.238.20.195
971,Ammamaria,Brindley,abrindleyqy@tripod.com,Female,58.241.62.150
972,Ewell,Clace,eclaceqz@imdb.com,Polygender,127.16.173.218
973,Diana,McCrory,dmccroryr0@storify.com,Female,178.48.94.25
974,Malorie,Hartup,mhartupr1@miitbeian.gov.cn,Female,59.21.25.188
975,Melanie,Topaz,mtopazr2@prweb.com,Female,14.16.229.66
976,Ambrosio,McClymond,amcclymondr3@edublogs.org,Male,193.73.98.206
977,Gerik,Yurukhin,gyurukhinr4@sbwire.com,Male,154.242.156.211
978,Stephie,Brasted,sbrastedr5@mapquest.com,Female,56.168.187.207
979,Boony,Bodycote,bbodycoter6@bandcamp.com,Male,2.112.251.152
980,Hilary,Dayborne,hdayborner7@columbia.edu,Male,5.80.14.48
981,Meredith,Redsall,mredsallr8@tuttocitta.it,Male,100.191.183.101
982,Marion,Denziloe,mdenziloer9@phoca.cz,Male,236.19.47.0
983,Grace,Astbury,gastburyra@jimdo.com,Female,55.145.38.229
984,Pen,Buggs,pbuggsrb@is.gd,Male,0.97.20.118
985,Royal,Colnet,rcolnetrc@nyu.edu,Male,76.217.219.183
986,Florenza,Schuchmacher,fschuchmacherrd@cyberchimps.com,Female,203.143.250.24
987,Egbert,Atwel,eatwelre@dagondesign.com,Male,71.123.145.239
988,Niki,Mabbot,nmabbotrf@com.com,Male,57.142.126.42
989,Silvain,Querrard,squerrardrg@netvibes.com,Male,35.255.191.83
990,Danell,Carey,dcareyrh@narod.ru,Female,45.19.110.49
991,Cordie,Kassel,ckasselri@google.ru,Female,44.221.175.64
992,Pauli,Elijahu,pelijahurj@archive.org,Female,50.46.245.198
993,Annnora,Gamlen,agamlenrk@cafepress.com,Female,144.151.137.94
994,Nessie,Comber,ncomberrl@ehow.com,Female,245.46.92.112
995,Jamil,Kildea,jkildearm@uol.com.br,Male,158.76.58.234
996,Ricard,Culver,rculverrn@icq.com,Male,154.247.237.253
997,Salaidh,Willoway,swillowayro@histats.com,Female,196.159.162.209
998,Harrietta,Minards,hminardsrp@pinterest.com,Female,223.74.223.203
999,Inga,Canet,icanetrq@fastcompany.com,Female,87.149.28.130
1000,Lucais,Pickersgill,lpickersgillrr@baidu.com,Male,182.87.23.110
